"Organism","Iron.amendment.vs.low.iron","High.iron.vs.low.iron"
"C. closterium 4",3.24017820980154,"NA"
"C. closterium 8",8.05431390739647,"6.95369823732816"
"G. oceanica",6.27404051628344,"9.05205573125908"
"G. huxleyi",7.00351554422003,"6.14530916109464"
