"Organism","Anotated.orfs...."
"C. closterium 4",45.2704444198976
"C. closterium 8",46.3354980180484
"G. oceanica",66.0084907541955
"G. huxleyi",70.2660784448887
